MSSV,Họ tên,Lớp
SV101,Nguyen Thi Hoa,D21CQCN03
SV102,Vo Minh Khang,D21CQCN03
SV103,Tran Thanh Tung,D21CQCN03
SV104,Ly Thi Minh Anh,D21CQCQCN03
SV105,Hoang Minh Anh,D21CQCQCN03
SV106,Le Thi Hoang Anh,D21CQCQCN03
SV107,Phan Thi Mai Anh,D21CQCQCN03
SV108,Nguyen Le Bao Anh,D21CQCQCN03
SV109,Pham Thi Thai Binh,D21CQCQCN03
SV110,Nguyen Minh Chuyen,D21CQCQCN03
SV111,Nguyen Le Chuyen,D21CQCQCN03
SV112,Lam Thi Thanh Cong,D21CQCQCN03
SV113,Pham Thi Minh Cong,D21CQCQCN03
SV114,Nguyen Minh Duyen,D21CQCQCN03
SV115,Huynh Thi Huyen,D21CQCQCN03
SV116,Duong Thi My Hao,D21CQCQCN03
SV117,Ho Thi Hau,D21CQCQCN03
SV118,Tran Thi Hong,D21CQCQCN03
SV119,Vo Thi Minh Huyen,D21CQCQCN03
SV120,HuynhThi Hong Hanh,D21CQCQCN03
SV121,Tran Van Hung,D21CQCQCN03
SV122,Dao Minh Huyen,D21CQCQCN03
SV123,Nguyen Minh Huy,D21CQCQCN03
SV124,Dinh Thi Thu Huyen,D21CQCQCN03
SV125,Nguyen Hoang Anh Huy,D21CQCQCN03
SV126,Vu Hoang Anh Khoa,D21CQCQCN03
SV127,Le Anh Khoa,D21CQCQCN03
SV128,Nguyen Minh Khoa,D21CQCQCN03
SV129,Vu Minh Khoa,D21CQCQCN03
SV130,Nguyen Thi Thao Lien,D21CQCQCN03
SV131,Mai Thi Thanh Lien,D21CQCQCN03
SV132,Hoang Le Minh Long,D21CQCQCN03
SV133,Nguyen Minh Long,D21CQCQCN03
SV134,Nguyen Thai Long,D21CQCQCN03
SV135,Le Phuoc Loc,D21CQCQCN03
SV136,Ly Thuy Mai,D21CQCQCN03
SV137,Nguyen Dinh Bao Minh,D21CQCQCN03
SV138,Pham Anh Minh,D21CQCQCN03
SV139,Nguyen Phi Nam,D21CQCQCN03
SV140,Nguyen Quang Minh Anh,D21CQCQCN03
SV141,Huynh Trong Nghia,D21CQCQCN03
SV142,Nguyen Huy Hoang Nguyen,D21CQCQCN03
SV143,Do Thi Phuong Nguyen,D21CQCQCN03
SV144,Le Anh Quan,D21CQCQCN03
SV145,Tran Quang,D21CQCQCN03
SV146,Dang Minh Quan,D21CQCQCN03
SV147,Le Quang,D21CQCQCN03
SV148,Vo Minh Thuy Tien,D21CQCQCN03
SV149,Nguyen Thanh Tung,D21CQCQCN03
SV150,Tran Hoang Thai,D21CQCQCN03
SV151,Dang Nguyen Minh Thai,D21CQCQCN03
SV152,Tran Hoang Tuan,D21CQCQCN03
SV153,Vo Minh Anh,D21CQCQCN03
SV154,Do Hoang Long,D21CQCQCN03
SV155,Vo Hoang Anh Khoa,D21CQCQCN03
SV156,Tran Minh Thai,D21CQCQCN03
